<?xml version="1.0" encoding="UTF-8" standalone="yes"?>
<addon id="plugin.video.misterio"
	name="MISTERIO"
	version="1.0"
	provider-name="MK">
  <requires>
    <import addon="script.module.six" />
    <import addon="plugin.video.youtube" version="5.0.0"/>
  </requires>
  <extension point="xbmc.python.pluginsource" library="default.py">
    <provides>video</provides>
  </extension>
  <extension point="xbmc.addon.metadata">
    <summary lang="es">Misterio</summary>
    <description lang="es">El mejor contenido de misterio en espanol. Es necesario el addon YouTube.</description>
    <platform>all</platform>
    <license>GPL v2.0</license>
    <assets>
        <icon>icon.png</icon>
        <fanart>fanart.jpg</fanart>
    </assets>
    </extension>
</addon>